{
  "features": [
    "log_ratio",
    "has_geotag",
    "desc_norm"
  ],
  "mean": [
    1.1343805777263476,
    0.59453125,
    0.3989474999999987
  ],
  "scale": [
    1.427262356397787,
    0.4909825279716573,
    0.22911316198278583
  ],
  "coef": [
    -1.2282979950293373,
    -0.011562305313277893,
    0.01293850648452595
  ],
  "intercept": 0.2824467264473419,
  "typical": {
    "Reforestation": 0.5,
    "Solar Energy": 4.0,
    "Wind Energy": 8.0,
    "Waste Reduction": 1.5,
    "Clean Transport": 1.2,
    "Energy Efficiency": 2.0,
    "Urban Agriculture": 0.8
  },
  "metrics": {
    "accuracy": 0.904,
    "auc": 0.799
  },
  "model": "LogisticRegression (scikit-learn)"
}